{
    "root_group": {
        "name": "",
        "path": "",
        "id": "d41d8cd98f00b204e9800998ecf8427e",
        "groups": {
            "setup": {
                "groups": {},
                "checks": {},
                "name": "setup",
                "path": "::setup",
                "id": "5c0f8025f7e0b6654089e5b00e950f1a"
            }
        },
        "checks": {
            "status was 200": {
                "id": "1461660757a913d4fb82ac4c5e1009de",
                "passes": 60,
                "fails": 0,
                "name": "status was 200",
                "path": "::status was 200"
            }
        }
    },
    "metrics": {
        "data_sent": {
            "count": 36529,
            "rate": 22092.206795489994
        },
        "http_req_failed": {
            "passes": 0,
            "fails": 61,
            "value": 0
        },
        "checks": {
            "passes": 60,
            "fails": 0,
            "value": 1
        },
        "http_req_duration_success": {
            "p(90)": 680.3797000000001,
            "p(95)": 779.8101499999999,
            "avg": 240.50348333333332,
            "min": 82.155,
            "med": 130.8025,
            "max": 834.75
        },
        "http_reqs": {
            "count": 61,
            "rate": 36.89191093446001
        },
        "http_req_duration": {
            "avg": 238.01024590163928,
            "min": 82.155,
            "med": 130.775,
            "max": 834.75,
            "p(90)": 680.042,
            "p(95)": 778.327
        },
        "http_req_duration{expected_response:true}": {
            "p(90)": 680.042,
            "p(95)": 778.327,
            "avg": 238.01024590163928,
            "min": 82.155,
            "med": 130.775,
            "max": 834.75
        },
        "iteration_duration": {
            "avg": 850.4748252580645,
            "min": 301.299834,
            "med": 705.305875,
            "max": 1350.645708,
            "p(90)": 1331.240292,
            "p(95)": 1349.5335415
        },
        "data_received": {
            "count": 389060,
            "rate": 235297.81751083626
        },
        "http_req_tls_handshaking": {
            "p(95)": 159.813,
            "avg": 116.92034426229512,
            "min": 63.778,
            "med": 112.517,
            "max": 177.34,
            "p(90)": 153.578
        },
        "http_req_blocked": {
            "max": 277.013,
            "p(90)": 239.795,
            "p(95)": 266.166,
            "avg": 193.96609836065574,
            "min": 128.583,
            "med": 195.208
        },
        "http_req_connecting": {
            "avg": 75.79883606557378,
            "min": 39.111,
            "med": 75.467,
            "max": 115.515,
            "p(90)": 91.248,
            "p(95)": 103.362
        },
        "http_req_sending": {
            "avg": 0.1340491803278688,
            "min": 0.027,
            "med": 0.053,
            "max": 3.429,
            "p(90)": 0.085,
            "p(95)": 0.208
        },
        "vus_max": {
            "min": 30,
            "max": 30,
            "value": 30
        },
        "http_req_receiving": {
            "p(90)": 1.924,
            "p(95)": 2.676,
            "avg": 0.6063934426229509,
            "min": 0.011,
            "med": 0.074,
            "max": 7.157
        },
        "http_req_waiting": {
            "p(90)": 679.573,
            "p(95)": 778.266,
            "avg": 237.26980327868847,
            "min": 82.068,
            "med": 129.84,
            "max": 834.686
        },
        "vus": {
            "value": 18,
            "min": 18,
            "max": 18
        },
        "iterations": {
            "count": 30,
            "rate": 18.143562754652464
        }
    },
    "setup_data": {
        "infra_mode": "multi",
        "be_mode": "bc"
    }
}