{
    "root_group": {
        "path": "",
        "id": "d41d8cd98f00b204e9800998ecf8427e",
        "groups": {
            "setup": {
                "id": "5c0f8025f7e0b6654089e5b00e950f1a",
                "groups": {},
                "checks": {},
                "name": "setup",
                "path": "::setup"
            }
        },
        "checks": {
            "status was 200": {
                "fails": 1,
                "name": "status was 200",
                "path": "::status was 200",
                "id": "1461660757a913d4fb82ac4c5e1009de",
                "passes": 0
            }
        },
        "name": ""
    },
    "metrics": {
        "http_req_connecting": {
            "p(90)": 22.158,
            "p(95)": 22.158,
            "avg": 22.158,
            "min": 22.158,
            "med": 22.158,
            "max": 22.158
        },
        "data_sent": {
            "rate": 6200.1967263845445,
            "count": 561
        },
        "http_req_duration{expected_response:true}": {
            "avg": 27.246,
            "min": 27.246,
            "med": 27.246,
            "max": 27.246,
            "p(90)": 27.246,
            "p(95)": 27.246
        },
        "http_req_duration_fail": {
            "p(95)": 0,
            "avg": 0,
            "min": 0,
            "med": 0,
            "max": 0,
            "p(90)": 0
        },
        "http_req_failed": {
            "passes": 0,
            "fails": 1,
            "value": 0
        },
        "http_req_blocked": {
            "med": 61.311,
            "max": 61.311,
            "p(90)": 61.311,
            "p(95)": 61.311,
            "avg": 61.311,
            "min": 61.311
        },
        "http_req_sending": {
            "p(95)": 0.632,
            "avg": 0.632,
            "min": 0.632,
            "med": 0.632,
            "max": 0.632,
            "p(90)": 0.632
        },
        "iteration_duration": {
            "p(95)": 84.8694556,
            "avg": 45.065062,
            "min": 0.837958,
            "med": 45.065062,
            "max": 89.292166,
            "p(90)": 80.4467452
        },
        "checks": {
            "passes": 0,
            "fails": 1,
            "value": 0
        },
        "http_req_duration": {
            "min": 27.246,
            "med": 27.246,
            "max": 27.246,
            "p(90)": 27.246,
            "p(95)": 27.246,
            "avg": 27.246
        },
        "iterations": {
            "count": 1,
            "rate": 11.052044075551773
        },
        "http_req_tls_handshaking": {
            "p(90)": 36.949,
            "p(95)": 36.949,
            "avg": 36.949,
            "min": 36.949,
            "med": 36.949,
            "max": 36.949
        },
        "http_reqs": {
            "count": 1,
            "rate": 11.052044075551773
        },
        "http_req_receiving": {
            "p(90)": 0.057,
            "p(95)": 0.057,
            "avg": 0.057,
            "min": 0.057,
            "med": 0.057,
            "max": 0.057
        },
        "data_received": {
            "count": 3940,
            "rate": 43545.05365767398
        },
        "http_req_waiting": {
            "min": 26.557,
            "med": 26.557,
            "max": 26.557,
            "p(90)": 26.557,
            "p(95)": 26.557,
            "avg": 26.557
        }
    },
    "setup_data": {
        "be_mode": "bc",
        "infra_mode": "shared"
    }
}