{
    "root_group": {
        "checks": {
            "status was 200": {
                "passes": 3,
                "fails": 0,
                "name": "status was 200",
                "path": "::status was 200",
                "id": "1461660757a913d4fb82ac4c5e1009de"
            }
        },
        "name": "",
        "path": "",
        "id": "d41d8cd98f00b204e9800998ecf8427e",
        "groups": {
            "setup": {
                "path": "::setup",
                "id": "5c0f8025f7e0b6654089e5b00e950f1a",
                "groups": {},
                "checks": {},
                "name": "setup"
            }
        }
    },
    "metrics": {
        "iteration_duration": {
            "p(95)": 1197.9401831,
            "avg": 894.9445834999999,
            "min": 84.704667,
            "med": 1146.6051045,
            "max": 1201.863458,
            "p(90)": 1194.0169082
        },
        "http_req_receiving": {
            "avg": 0.12075,
            "min": 0.027,
            "med": 0.138,
            "max": 0.18,
            "p(90)": 0.1707,
            "p(95)": 0.17534999999999998
        },
        "iterations": {
            "rate": 2.3319046530825447,
            "count": 3
        },
        "http_req_waiting": {
            "avg": 818.3389999999999,
            "min": 25.601,
            "med": 1072.159,
            "max": 1103.437,
            "p(90)": 1100.8255,
            "p(95)": 1102.13125
        },
        "http_req_blocked": {
            "avg": 75.67625,
            "min": 58.854,
            "med": 73.297,
            "max": 97.257,
            "p(90)": 92.07180000000001,
            "p(95)": 94.6644
        },
        "data_received": {
            "count": 16574,
            "rate": 12882.995906730031
        },
        "vus": {
            "value": 3,
            "min": 3,
            "max": 3
        },
        "http_req_failed": {
            "passes": 0,
            "fails": 4,
            "value": 0
        },
        "http_reqs": {
            "rate": 3.1092062041100594,
            "count": 4
        },
        "http_req_duration{expected_response:true}": {
            "avg": 818.58975,
            "min": 25.718,
            "med": 1072.3685,
            "max": 1103.904,
            "p(90)": 1101.2115000000001,
            "p(95)": 1102.55775
        },
        "http_req_connecting": {
            "med": 26.171,
            "max": 26.254,
            "p(90)": 26.2348,
            "p(95)": 26.244400000000002,
            "avg": 25.033,
            "min": 21.536
        },
        "http_req_duration_success": {
            "avg": 1082.8803333333333,
            "min": 1049.808,
            "med": 1094.929,
            "max": 1103.904,
            "p(90)": 1102.109,
            "p(95)": 1103.0065
        },
        "data_sent": {
            "count": 2862,
            "rate": 2224.637039040748
        },
        "checks": {
            "fails": 0,
            "passes": 3,
            "value": 1
        },
        "http_req_tls_handshaking": {
            "p(95)": 65.87339999999999,
            "avg": 48.0515,
            "min": 34.501,
            "med": 44.632999999999996,
            "max": 68.439,
            "p(90)": 63.30779999999999
        },
        "http_req_duration": {
            "p(95)": 1102.55775,
            "avg": 818.58975,
            "min": 25.718,
            "med": 1072.3685,
            "max": 1103.904,
            "p(90)": 1101.2115000000001
        },
        "vus_max": {
            "value": 3,
            "min": 3,
            "max": 3
        },
        "http_req_sending": {
            "max": 0.287,
            "p(90)": 0.2279,
            "p(95)": 0.25744999999999996,
            "avg": 0.13,
            "min": 0.07,
            "med": 0.08149999999999999
        }
    },
    "setup_data": {
        "be_mode": "dd",
        "infra_mode": "shared"
    }
}