{
    "metrics": {
        "http_req_failed": {
            "passes": 2,
            "fails": 1,
            "value": 0.6666666666666666
        },
        "iteration_duration": {
            "p(90)": 107.6943791,
            "p(95)": 108.65181455,
            "avg": 100.0348955,
            "min": 90.460541,
            "med": 100.0348955,
            "max": 109.60925
        },
        "http_req_duration{expected_response:true}": {
            "med": 23.989,
            "max": 23.989,
            "p(90)": 23.989,
            "p(95)": 23.989,
            "avg": 23.989,
            "min": 23.989
        },
        "http_req_waiting": {
            "min": 0,
            "med": 0,
            "max": 23.242,
            "p(90)": 18.593600000000002,
            "p(95)": 20.9178,
            "avg": 7.747333333333334
        },
        "http_req_tls_handshaking": {
            "avg": 12.482,
            "min": 0,
            "med": 0,
            "max": 37.446,
            "p(90)": 29.9568,
            "p(95)": 33.70139999999999
        },
        "http_req_blocked": {
            "p(95)": 59.55749999999999,
            "avg": 22.058333333333334,
            "min": 0,
            "med": 0,
            "max": 66.175,
            "p(90)": 52.94
        },
        "data_sent": {
            "count": 1225,
            "rate": 6108.354733351617
        },
        "data_received": {
            "rate": 34246.67780298686,
            "count": 6868
        },
        "http_req_duration_fail": {
            "min": 0,
            "med": 0,
            "max": 0,
            "p(90)": 0,
            "p(95)": 0,
            "avg": 0
        },
        "http_req_receiving": {
            "avg": 0.037333333333333336,
            "min": 0,
            "med": 0,
            "max": 0.112,
            "p(90)": 0.08960000000000001,
            "p(95)": 0.10079999999999999
        },
        "http_req_duration": {
            "min": 0,
            "med": 0,
            "max": 23.989,
            "p(90)": 19.191200000000002,
            "p(95)": 21.5901,
            "avg": 7.996333333333333
        },
        "http_reqs": {
            "count": 3,
            "rate": 14.959236081677428
        },
        "checks": {
            "fails": 2,
            "passes": 0,
            "value": 0
        },
        "iterations": {
            "count": 1,
            "rate": 4.98641202722581
        },
        "http_req_connecting": {
            "avg": 23.649333333333335,
            "min": 20.984,
            "med": 24.207,
            "max": 25.757,
            "p(90)": 25.447000000000003,
            "p(95)": 25.602
        },
        "http_req_sending": {
            "p(95)": 0.5714999999999999,
            "avg": 0.21166666666666667,
            "min": 0,
            "med": 0,
            "max": 0.635,
            "p(90)": 0.508
        }
    },
    "setup_data": {
        "be_mode": "bc",
        "infra_mode": "multi"
    },
    "root_group": {
        "id": "d41d8cd98f00b204e9800998ecf8427e",
        "groups": {
            "setup": {
                "id": "5c0f8025f7e0b6654089e5b00e950f1a",
                "groups": {},
                "checks": {},
                "name": "setup",
                "path": "::setup"
            }
        },
        "checks": {
            "status was 200": {
                "name": "status was 200",
                "path": "::status was 200",
                "id": "1461660757a913d4fb82ac4c5e1009de",
                "passes": 0,
                "fails": 2
            }
        },
        "name": "",
        "path": ""
    }
}