{
    "root_group": {
        "name": "",
        "path": "",
        "id": "d41d8cd98f00b204e9800998ecf8427e",
        "groups": {
            "setup": {
                "name": "setup",
                "path": "::setup",
                "id": "5c0f8025f7e0b6654089e5b00e950f1a",
                "groups": {},
                "checks": {}
            }
        },
        "checks": {
            "status was 200": {
                "name": "status was 200",
                "path": "::status was 200",
                "id": "1461660757a913d4fb82ac4c5e1009de",
                "passes": 850,
                "fails": 19150
            }
        }
    },
    "metrics": {
        "http_req_waiting": {
            "max": 3748.194,
            "p(90)": 0,
            "p(95)": 124.04,
            "avg": 35.89368541572924,
            "min": 0,
            "med": 0
        },
        "checks": {
            "passes": 850,
            "fails": 19150,
            "value": 0.0425
        },
        "http_req_duration": {
            "min": 0,
            "med": 0,
            "max": 3770.287,
            "p(90)": 0,
            "p(95)": 133.042,
            "avg": 39.604571171441485
        },
        "http_req_connecting": {
            "avg": 551.5349781510926,
            "min": 0,
            "med": 0,
            "max": 17801.349,
            "p(90)": 0,
            "p(95)": 2750.321
        },
        "http_req_tls_handshaking": {
            "p(90)": 0,
            "p(95)": 151.473,
            "avg": 98.18002344882757,
            "min": 0,
            "med": 0,
            "max": 7551.162
        },
        "http_req_blocked": {
            "avg": 650.4922217389131,
            "min": 0,
            "med": 0,
            "max": 17865.185,
            "p(90)": 0,
            "p(95)": 7808.743
        },
        "data_sent": {
            "count": 723826,
            "rate": 14222.095249248101
        },
        "vus_max": {
            "value": 10000,
            "min": 10000,
            "max": 10000
        },
        "http_req_sending": {
            "p(95)": 0.027,
            "avg": 0.9709009549522502,
            "min": 0,
            "med": 0,
            "max": 2641.025,
            "p(90)": 0
        },
        "http_req_receiving": {
            "p(90)": 0,
            "p(95)": 0.025,
            "avg": 2.739984800759959,
            "min": 0,
            "med": 0,
            "max": 918.87
        },
        "iteration_duration": {
            "p(90)": 47059.747875,
            "p(95)": 47112.629875,
            "avg": 27314.80342317145,
            "min": 110.399125,
            "med": 32069.965458,
            "max": 49638.331291
        },
        "http_req_duration_success": {
            "avg": 545.2230482352942,
            "min": 39.354,
            "med": 532.38,
            "max": 1387.626,
            "p(90)": 994.8487000000001,
            "p(95)": 1112.76855
        },
        "iterations": {
            "count": 10000,
            "rate": 196.48500121918943
        },
        "vus": {
            "max": 9987,
            "value": 4,
            "min": 4
        },
        "http_reqs": {
            "count": 20001,
            "rate": 392.9896509385008
        },
        "http_req_duration_fail": {
            "med": 0,
            "max": 3770.287,
            "p(90)": 0,
            "p(95)": 0,
            "avg": 17.162686422976495,
            "min": 0
        },
        "data_received": {
            "count": 8433095,
            "rate": 165697.66813565404
        },
        "http_req_failed": {
            "passes": 19150,
            "fails": 851,
            "value": 0.9574521273936303
        },
        "http_req_duration{expected_response:true}": {
            "avg": 544.6129059929495,
            "min": 25.992,
            "med": 532.325,
            "max": 1387.626,
            "p(90)": 994.194,
            "p(95)": 1112.7455
        }
    },
    "setup_data": {
        "infra_mode": "shared",
        "be_mode": "dd"
    }
}