{
    "root_group": {
        "path": "",
        "id": "d41d8cd98f00b204e9800998ecf8427e",
        "groups": {
            "setup": {
                "checks": {},
                "name": "setup",
                "path": "::setup",
                "id": "5c0f8025f7e0b6654089e5b00e950f1a",
                "groups": {}
            }
        },
        "checks": {
            "status was 200": {
                "name": "status was 200",
                "path": "::status was 200",
                "id": "1461660757a913d4fb82ac4c5e1009de",
                "passes": 5,
                "fails": 0
            }
        },
        "name": ""
    },
    "metrics": {
        "http_req_receiving": {
            "max": 2.069,
            "p(90)": 0.8433000000000003,
            "p(95)": 1.4561499999999994,
            "avg": 0.40349999999999997,
            "min": 0,
            "med": 0.229
        },
        "vus_max": {
            "value": 5,
            "min": 5,
            "max": 5
        },
        "http_req_sending": {
            "p(95)": 0.5628499999999999,
            "avg": 0.13925000000000004,
            "min": 0,
            "med": 0.051500000000000004,
            "max": 0.804,
            "p(90)": 0.32170000000000015
        },
        "vus": {
            "min": 0,
            "max": 5,
            "value": 5
        },
        "http_req_failed": {
            "passes": 2,
            "fails": 6,
            "value": 0.25
        },
        "http_req_waiting": {
            "avg": 692.5293750000001,
            "min": 0,
            "med": 1078.629,
            "max": 1134.208,
            "p(90)": 1128.9671,
            "p(95)": 1131.58755
        },
        "iterations": {
            "count": 5,
            "rate": 0.11416541655535538
        },
        "checks": {
            "passes": 5,
            "fails": 0,
            "value": 1
        },
        "http_req_blocked": {
            "avg": 4595.649875,
            "min": 0,
            "med": 6996.2305,
            "max": 7223.14,
            "p(90)": 7183.8854,
            "p(95)": 7203.5127
        },
        "http_req_duration_success": {
            "avg": 1103.5625999999997,
            "min": 1072.478,
            "med": 1098.49,
            "max": 1134.369,
            "p(90)": 1131.483,
            "p(95)": 1132.926
        },
        "http_req_tls_handshaking": {
            "avg": 540.13875,
            "min": 0,
            "med": 746.2484999999999,
            "max": 975.699,
            "p(90)": 936.2995,
            "p(95)": 955.99925
        },
        "http_req_duration{expected_response:true}": {
            "p(95)": 1132.5652499999999,
            "avg": 924.0961666666667,
            "min": 26.764,
            "med": 1091.906,
            "max": 1134.369,
            "p(90)": 1130.7615
        },
        "http_req_duration": {
            "p(90)": 1129.3185,
            "p(95)": 1131.84375,
            "avg": 693.072125,
            "min": 0,
            "med": 1078.9,
            "max": 1134.369
        },
        "data_sent": {
            "count": 4396,
            "rate": 100.37423423546845
        },
        "data_received": {
            "count": 25061,
            "rate": 572.2199008587522
        },
        "http_req_connecting": {
            "med": 6243.219,
            "max": 6245.781,
            "p(90)": 6245.7656,
            "p(95)": 6245.7733,
            "avg": 4052.749875,
            "min": 0
        },
        "iteration_duration": {
            "p(95)": 28698.51770824999,
            "avg": 12753.053055333332,
            "min": 8087.462291,
            "med": 8253.481604,
            "max": 35499.316875,
            "p(90)": 21897.718541500002
        },
        "http_reqs": {
            "count": 8,
            "rate": 0.1826646664885686
        }
    },
    "setup_data": {
        "be_mode": "dd",
        "infra_mode": "shared"
    }
}