{
    "metrics": {
        "vus": {
            "value": 565,
            "min": 565,
            "max": 10000
        },
        "http_req_waiting": {
            "avg": 40283.74716481178,
            "min": 0,
            "med": 41865.424,
            "max": 63013.895,
            "p(90)": 52932.2164,
            "p(95)": 55565.1667
        },
        "http_req_duration_success": {
            "med": 52534.0535,
            "max": 63014.861,
            "p(90)": 60171.60600000001,
            "p(95)": 61153.876,
            "avg": 46409.94527777778,
            "min": 9106.252
        },
        "http_req_duration{expected_response:true}": {
            "med": 52534.0535,
            "max": 63014.861,
            "p(90)": 60171.60600000001,
            "p(95)": 61153.876,
            "avg": 46409.94527777778,
            "min": 9106.252
        },
        "http_req_failed": {
            "passes": 7419,
            "fails": 2016,
            "value": 0.7863275039745627
        },
        "http_req_sending": {
            "med": 0.088,
            "max": 61.653,
            "p(90)": 0.232,
            "p(95)": 0.4432999999999996,
            "avg": 0.20792549019607817,
            "min": 0
        },
        "http_req_receiving": {
            "p(90)": 2.1332000000000004,
            "p(95)": 4.416199999999994,
            "avg": 1.7746340222575512,
            "min": 0,
            "med": 0.092,
            "max": 1140.338
        },
        "vus_max": {
            "value": 10000,
            "min": 10000,
            "max": 10000
        },
        "data_received": {
            "rate": 517629.59478534595,
            "count": 46604485
        },
        "http_reqs": {
            "count": 9435,
            "rate": 104.793245259544
        },
        "data_sent": {
            "count": 5595291,
            "rate": 62146.12634462312
        },
        "iterations": {
            "count": 9435,
            "rate": 104.793245259544
        },
        "http_req_connecting": {
            "max": 5084.327,
            "p(90)": 1266.0674000000001,
            "p(95)": 4054.7475,
            "avg": 619.3387430842618,
            "min": 0,
            "med": 335.246
        },
        "http_req_tls_handshaking": {
            "avg": 17346.65062681501,
            "min": 0,
            "med": 14433.365,
            "max": 71042.685,
            "p(90)": 31388.833200000005,
            "p(95)": 35636.040299999986
        },
        "http_req_duration_fail": {
            "p(95)": 50758.1159,
            "avg": 38621.56763296931,
            "min": 0,
            "med": 41025.414,
            "max": 52878.424,
            "p(90)": 46610.377400000005
        },
        "http_req_duration": {
            "p(95)": 55571.54419999999,
            "avg": 40285.729724324294,
            "min": 0,
            "med": 41865.546,
            "max": 63014.861,
            "p(90)": 52937.1564
        },
        "http_req_blocked": {
            "p(90)": 31747.907,
            "p(95)": 35978.26359999997,
            "avg": 17979.796707896145,
            "min": 0,
            "med": 15666.995,
            "max": 71395.141
        },
        "iteration_duration": {
            "min": 16266.123125,
            "med": 54386.046084,
            "max": 89203.066917,
            "p(90)": 85962.0439418,
            "p(95)": 87342.7825249,
            "avg": 58484.6625399809
        },
        "checks": {
            "passes": 2016,
            "fails": 7419,
            "value": 0.2136724960254372
        }
    },
    "root_group": {
        "checks": {
            "status was 200": {
                "name": "status was 200",
                "path": "::status was 200",
                "id": "1461660757a913d4fb82ac4c5e1009de",
                "passes": 2016,
                "fails": 7419
            }
        },
        "name": "",
        "path": "",
        "id": "d41d8cd98f00b204e9800998ecf8427e",
        "groups": {}
    }
}