{
    "root_group": {
        "name": "",
        "path": "",
        "id": "d41d8cd98f00b204e9800998ecf8427e",
        "groups": {},
        "checks": {
                "queue register status was 200": {
                    "name": "queue register status was 200",
                    "path": "::queue register status was 200",
                    "id": "6ef7322e158d80a52e94fc988995df2b",
                    "passes": 4073,
                    "fails": 927
                },
                "status was 200": {
                    "name": "status was 200",
                    "path": "::status was 200",
                    "id": "1461660757a913d4fb82ac4c5e1009de",
                    "passes": 5000,
                    "fails": 0
                }
            }
    },
    "metrics": {
        "http_req_waiting": {
            "med": 4823.349,
            "max": 144835.547,
            "p(90)": 107875.1044,
            "p(95)": 131703.54794999998,
            "avg": 33150.73820520005,
            "min": 0
        },
        "http_req_receiving": {
            "max": 675.361,
            "p(90)": 0.698,
            "p(95)": 1.498,
            "avg": 0.5528608999999978,
            "min": 0,
            "med": 0.081
        },
        "http_req_connecting": {
            "avg": 1028.2837295999984,
            "min": 0,
            "med": 96.70150000000001,
            "max": 19050.37,
            "p(90)": 3130.0228,
            "p(95)": 4135.7704
        },
        "http_req_duration": {
            "avg": 33151.42567430006,
            "min": 0,
            "med": 4823.458500000001,
            "max": 144835.663,
            "p(90)": 107875.23210000001,
            "p(95)": 131703.7449
        },
        "http_req_sending": {
            "med": 0.078,
            "max": 33.137,
            "p(90)": 0.172,
            "p(95)": 0.30604999999999954,
            "avg": 0.13460820000000065,
            "min": 0
        },
        "http_req_failed": {
            "fails": 9073,
            "passes": 927,
            "value": 0.0927
        },
        "http_reqs": {
            "count": 10000,
            "rate": 62.35421856499211
        },
        "http_req_blocked": {
            "p(90)": 15218.5183,
            "p(95)": 16827.407649999997,
            "avg": 5155.266772600002,
            "min": 0,
            "med": 2127.4809999999998,
            "max": 21725.473
        },
        "http_req_duration{expected_response:true}": {
            "p(90)": 106846.8224,
            "p(95)": 131924.4902,
            "avg": 28734.248767331683,
            "min": 37.907,
            "med": 1546.391,
            "max": 144835.663
        },
        "vus_max": {
            "value": 5000,
            "min": 5000,
            "max": 5000
        },
        "http_req_tls_handshaking": {
            "p(90)": 10878.5999,
            "p(95)": 12238.31105,
            "avg": 4035.5461011000193,
            "min": 0,
            "med": 1912.7185,
            "max": 16744.2
        },
        "checks": {
            "fails": 927,
            "passes": 9073,
            "value": 0.9073
        },
        "vus": {
            "min": 26,
            "max": 5000,
            "value": 26
        },
        "iteration_duration": {
            "max": 160239.918,
            "p(90)": 145389.4037086,
            "p(95)": 153059.6515045,
            "avg": 76639.829657067,
            "min": 21371.810708,
            "med": 81140.452313
        },
        "http_req_duration_success": {
            "min": 37.907,
            "med": 61.3295,
            "max": 9414.62,
            "p(90)": 1441.1691000000008,
            "p(95)": 2512.511699999999,
            "avg": 462.75092580000035
        },
        "data_sent": {
            "count": 6304726,
            "rate": 39312.62629963884
        },
        "iterations": {
            "count": 5000,
            "rate": 31.177109282496055
        },
        "data_received": {
            "count": 63562299,
            "rate": 396337.7484339379
        }
    }
}