{
    "root_group": {
        "groups": {
            "setup": {
                "id": "5c0f8025f7e0b6654089e5b00e950f1a",
                "groups": {},
                "checks": {},
                "name": "setup",
                "path": "::setup"
            }
        },
        "checks": {
            "status was 200": {
                "name": "status was 200",
                "path": "::status was 200",
                "id": "1461660757a913d4fb82ac4c5e1009de",
                "passes": 3276,
                "fails": 4537
            }
        },
        "name": "",
        "path": "",
        "id": "d41d8cd98f00b204e9800998ecf8427e"
    },
    "metrics": {
        "http_req_duration_fail": {
            "avg": 2107.992139770723,
            "min": 0,
            "med": 0,
            "max": 59123.372,
            "p(90)": 0,
            "p(95)": 0
        },
        "data_sent": {
            "count": 2624304,
            "rate": 36278.02641920472
        },
        "iteration_duration": {
            "min": 231.843041,
            "med": 41383.757084,
            "max": 70094.285917,
            "p(90)": 59642.7921834,
            "p(95)": 64356.8442455,
            "avg": 36272.70480237533
        },
        "http_reqs": {
            "count": 14302,
            "rate": 197.70892924275003
        },
        "vus_max": {
            "max": 10000,
            "value": 10000,
            "min": 10000
        },
        "vus": {
            "value": 703,
            "min": 0,
            "max": 10000
        },
        "http_req_duration_fail{status:200}": {
            "avg": 0,
            "min": 0,
            "med": 0,
            "max": 0,
            "p(90)": 0,
            "p(95)": 0,
            "thresholds": {
                "avg<1000": false
            }
        },
        "http_req_tls_handshaking": {
            "avg": 2295.0961648720463,
            "min": 0,
            "med": 0,
            "max": 59627.206,
            "p(90)": 6829.098000000001,
            "p(95)": 18336.39329999998
        },
        "iterations": {
            "count": 1206,
            "rate": 16.67158220296158
        },
        "http_req_waiting": {
            "max": 59275.906,
            "p(90)": 10357.304300000005,
            "p(95)": 23145.73709999997,
            "avg": 3551.383217591945,
            "min": 0,
            "med": 0
        },
        "data_received": {
            "count": 18220716,
            "rate": 251880.73349155666
        },
        "http_req_duration_success": {
            "avg": 12241.349485347957,
            "min": 636.883,
            "med": 7485.1605,
            "max": 58270.323,
            "p(90)": 29585.878500000003,
            "p(95)": 42613.70749999999
        },
        "http_req_receiving": {
            "med": 0,
            "max": 3082.942,
            "p(90)": 0.09,
            "p(95)": 0.8805999999999949,
            "avg": 3.0633444972731145,
            "min": 0
        },
        "http_req_duration": {
            "p(90)": 10357.712800000005,
            "p(95)": 23163.13469999996,
            "avg": 3554.5351615857853,
            "min": 0,
            "med": 0,
            "max": 59275.959
        },
        "http_req_failed": {
            "passes": 11025,
            "fails": 3277,
            "value": 0.7708712068242204
        },
        "http_req_duration_success{status:200}": {
            "med": 0,
            "max": 0,
            "p(90)": 0,
            "p(95)": 0,
            "avg": 0,
            "min": 0,
            "thresholds": {
                "avg<1000": false
            }
        },
        "http_req_duration{expected_response:true}": {
            "avg": 12237.63845956665,
            "min": 80.318,
            "med": 7484.67,
            "max": 58270.323,
            "p(90)": 29585.8106,
            "p(95)": 42610.18179999999
        },
        "checks": {
            "passes": 3276,
            "fails": 4537,
            "value": 0.4193011647254576
        },
        "http_req_connecting": {
            "avg": 349.74946392113026,
            "min": 0,
            "med": 0,
            "max": 19778.305,
            "p(90)": 739.3957000000006,
            "p(95)": 2113.07435
        },
        "http_req_blocked": {
            "min": 0,
            "med": 0,
            "max": 59721.415,
            "p(90)": 7587.445000000001,
            "p(95)": 22123.226049999997,
            "avg": 2586.9526488602933
        },
        "http_req_sending": {
            "avg": 0.08859949657390602,
            "min": 0,
            "med": 0,
            "max": 30.604,
            "p(90)": 0.081,
            "p(95)": 0.164
        }
    },
    "setup_data": {
        "be_mode": "bc",
        "infra_mode": "multi"
    }
}