{
    "metrics": {
        "vus": {
            "max": 10000,
            "value": 9725,
            "min": 103
        },
        "data_sent": {
            "count": 6536404,
            "rate": 91865.57428534554
        },
        "http_req_duration{expected_response:true}": {
            "avg": 5314.37259939302,
            "min": 36.205,
            "med": 401.895,
            "max": 68238.28,
            "p(90)": 11387.85950000001,
            "p(95)": 49764.86825
        },
        "http_req_receiving": {
            "avg": 4.02984882397572,
            "min": 0,
            "med": 0.06,
            "max": 4542.33,
            "p(90)": 1.9968000000000004,
            "p(95)": 5.5719499999999975
        },
        "http_req_failed": {
            "passes": 2636,
            "fails": 2636,
            "value": 0.5
        },
        "iterations": {
            "count": 1744,
            "rate": 24.510963758305426
        },
        "vus_max": {
            "value": 10000,
            "min": 10000,
            "max": 10000
        },
        "http_reqs": {
            "count": 5272,
            "rate": 74.09506934276732
        },
        "data_received": {
            "count": 44630562,
            "rate": 627258.0778066533
        },
        "http_req_duration_success": {
            "med": 402.819,
            "max": 68238.28,
            "p(90)": 11404.224800000009,
            "p(95)": 49764.9559,
            "avg": 5316.375699051234,
            "min": 40.655
        },
        "http_req_sending": {
            "avg": 0.16770068285280687,
            "min": 0,
            "med": 0.047,
            "max": 51.056,
            "p(90)": 0.124,
            "p(95)": 0.2858999999999995
        },
        "http_req_duration_fail{status:200}": {
            "p(90)": 0,
            "p(95)": 0,
            "avg": 0,
            "min": 0,
            "med": 0,
            "max": 0,
            "thresholds": {
                "avg<1000": false
            }
        },
        "http_req_duration": {
            "avg": 12485.233080235213,
            "min": 0,
            "med": 2005.2815,
            "max": 68238.28,
            "p(90)": 48591.2929,
            "p(95)": 52674.204249999995
        },
        "http_req_tls_handshaking": {
            "max": 20582.669,
            "p(90)": 720.3499000000003,
            "p(95)": 1086.0645999999997,
            "avg": 406.2700204855849,
            "min": 0,
            "med": 36.724500000000006
        },
        "checks": {
            "passes": 2635,
            "fails": 2434,
            "value": 0.5198263957388045
        },
        "http_req_duration_success{status:200}": {
            "min": 0,
            "med": 0,
            "max": 0,
            "p(90)": 0,
            "p(95)": 0,
            "avg": 0,
            "thresholds": {
                "avg<1000": false
            }
        },
        "http_req_duration_fail": {
            "min": 0,
            "med": 10637.553,
            "max": 59683.137,
            "p(90)": 50634.2324,
            "p(95)": 53275.3323,
            "avg": 21287.371662695183
        },
        "http_req_connecting": {
            "p(90)": 560.9358000000007,
            "p(95)": 1487.451549999999,
            "avg": 259.0997528452203,
            "min": 0,
            "med": 22.532,
            "max": 14094.604
        },
        "iteration_duration": {
            "p(90)": 46427.56929160001,
            "p(95)": 52522.741499799995,
            "avg": 15796.090228688243,
            "min": 156.673917,
            "med": 7894.236709,
            "max": 63003.206
        },
        "http_req_blocked": {
            "p(90)": 1156.9818000000002,
            "p(95)": 2495.977049999999,
            "avg": 652.1856646433984,
            "min": 0,
            "med": 62.101,
            "max": 26256.02
        },
        "http_req_waiting": {
            "min": 0,
            "med": 1993.5345,
            "max": 68237.343,
            "p(90)": 48591.030600000006,
            "p(95)": 52672.71534999999,
            "avg": 12481.035530728392
        }
    },
    "setup_data": {
        "be_mode": "bc",
        "infra_mode": "multi"
    },
    "root_group": {
        "checks": {
            "status was 200": {
                "id": "1461660757a913d4fb82ac4c5e1009de",
                "passes": 2635,
                "fails": 2434,
                "name": "status was 200",
                "path": "::status was 200"
            }
        },
        "name": "",
        "path": "",
        "id": "d41d8cd98f00b204e9800998ecf8427e",
        "groups": {
            "setup": {
                "name": "setup",
                "path": "::setup",
                "id": "5c0f8025f7e0b6654089e5b00e950f1a",
                "groups": {},
                "checks": {}
            }
        }
    }
}