{
    "setup_data": {
        "be_mode": "bc",
        "infra_mode": "multi"
    },
    "root_group": {
        "name": "",
        "path": "",
        "id": "d41d8cd98f00b204e9800998ecf8427e",
        "groups": {
            "setup": {
                "groups": {},
                "checks": {},
                "name": "setup",
                "path": "::setup",
                "id": "5c0f8025f7e0b6654089e5b00e950f1a"
            }
        },
        "checks": {
            "status was 200": {
                "name": "status was 200",
                "path": "::status was 200",
                "id": "1461660757a913d4fb82ac4c5e1009de",
                "passes": 600,
                "fails": 0
            }
        }
    },
    "metrics": {
        "http_req_tls_handshaking": {
            "min": 62.448,
            "med": 1019.711,
            "max": 2901.235,
            "p(90)": 1724.11,
            "p(95)": 1815.277,
            "avg": 1052.4775374376036
        },
        "http_req_receiving": {
            "avg": 1.2054592346089847,
            "min": 0.01,
            "med": 0.076,
            "max": 31.588,
            "p(90)": 3.184,
            "p(95)": 6.303
        },
        "http_req_failed": {
            "passes": 0,
            "fails": 601,
            "value": 0
        },
        "checks": {
            "passes": 600,
            "fails": 0,
            "value": 1
        },
        "iterations": {
            "count": 300,
            "rate": 29.08670086228494
        },
        "data_sent": {
            "rate": 35190.9328609136,
            "count": 362959
        },
        "vus_max": {
            "min": 300,
            "max": 300,
            "value": 300
        },
        "http_req_duration{expected_response:true}": {
            "min": 78.003,
            "med": 1617.108,
            "max": 6010.975,
            "p(90)": 4362.844,
            "p(95)": 5156.562,
            "avg": 2198.980747088185
        },
        "vus": {
            "value": 18,
            "min": 18,
            "max": 300
        },
        "http_req_waiting": {
            "p(90)": 4362.796,
            "p(95)": 5156.348,
            "avg": 2197.6667653910145,
            "min": 77.806,
            "med": 1616.994,
            "max": 6010.85
        },
        "iteration_duration": {
            "avg": 6737.742997784051,
            "min": 211.886167,
            "med": 6310.207292,
            "max": 10098.821458,
            "p(90)": 9409.398459,
            "p(95)": 9782.918166
        },
        "http_req_sending": {
            "p(90)": 0.114,
            "p(95)": 0.179,
            "avg": 0.10852246256239605,
            "min": 0.024,
            "med": 0.051,
            "max": 11.252
        },
        "http_req_blocked": {
            "avg": 1175.1424176372718,
            "min": 133.771,
            "med": 1208.429,
            "max": 2970.381,
            "p(90)": 1799.349,
            "p(95)": 1882.446
        },
        "http_reqs": {
            "count": 601,
            "rate": 58.27035739411083
        },
        "http_req_duration_success": {
            "min": 680.083,
            "med": 1621.0265,
            "max": 6010.975,
            "p(90)": 4364.253500000001,
            "p(95)": 5156.69775,
            "avg": 2202.5157099999988
        },
        "http_req_connecting": {
            "max": 212.681,
            "p(90)": 177.889,
            "p(95)": 187.516,
            "avg": 120.5579700499168,
            "min": 40.625,
            "med": 133.079
        },
        "data_received": {
            "rate": 374431.6458651509,
            "count": 3861885
        },
        "http_req_duration": {
            "med": 1617.108,
            "max": 6010.975,
            "p(90)": 4362.844,
            "p(95)": 5156.562,
            "avg": 2198.980747088185,
            "min": 78.003
        }
    }
}