{
    "root_group": {
        "name": "",
        "path": "",
        "id": "d41d8cd98f00b204e9800998ecf8427e",
        "groups": {
            "setup": {
                "name": "setup",
                "path": "::setup",
                "id": "5c0f8025f7e0b6654089e5b00e950f1a",
                "groups": {},
                "checks": {}
            }
        },
        "checks": {
            "status was 200": {
                "name": "status was 200",
                "path": "::status was 200",
                "id": "1461660757a913d4fb82ac4c5e1009de",
                "passes": 5,
                "fails": 0
            }
        }
    },
    "metrics": {
        "iterations": {
            "rate": 0.11657663026063994,
            "count": 5
        },
        "http_req_duration": {
            "p(90)": 119.65,
            "p(95)": 123.2025,
            "avg": 64.534875,
            "min": 0,
            "med": 66.11449999999999,
            "max": 126.755
        },
        "http_req_receiving": {
            "p(90)": 0.09130000000000003,
            "p(95)": 0.14064999999999997,
            "avg": 0.044750000000000005,
            "min": 0,
            "med": 0.029500000000000002,
            "max": 0.19
        },
        "http_req_blocked": {
            "min": 0,
            "med": 6877.6475,
            "max": 7326.035,
            "p(90)": 7189.0737,
            "p(95)": 7257.55435,
            "avg": 4560.145875
        },
        "http_req_tls_handshaking": {
            "avg": 505.476625,
            "min": 0,
            "med": 630.1510000000001,
            "max": 1079.016,
            "p(90)": 943.9356,
            "p(95)": 1011.4757999999999
        },
        "http_req_duration{expected_response:true}": {
            "max": 126.755,
            "p(90)": 121.68,
            "p(95)": 124.2175,
            "avg": 86.0465,
            "min": 26.238,
            "med": 96.7835
        },
        "http_reqs": {
            "count": 8,
            "rate": 0.1865226084170239
        },
        "http_req_failed": {
            "fails": 6,
            "passes": 2,
            "value": 0.25
        },
        "checks": {
            "passes": 5,
            "fails": 0,
            "value": 1
        },
        "data_sent": {
            "count": 4416,
            "rate": 102.96047984619719
        },
        "iteration_duration": {
            "p(95)": 28477.345343749996,
            "avg": 11867.521618,
            "min": 6913.15325,
            "med": 7165.857728999999,
            "max": 35509.978875,
            "p(90)": 21444.711812500005
        },
        "http_req_waiting": {
            "p(90)": 119.561,
            "p(95)": 123.1065,
            "avg": 64.379875,
            "min": 0,
            "med": 65.9395,
            "max": 126.652
        },
        "http_req_sending": {
            "p(95)": 0.3741499999999999,
            "avg": 0.11025,
            "min": 0,
            "med": 0.0475,
            "max": 0.448,
            "p(90)": 0.3003
        },
        "http_req_connecting": {
            "p(90)": 6245.2136,
            "p(95)": 6245.525799999999,
            "avg": 4053.228125,
            "min": 0,
            "med": 6243.501,
            "max": 6245.838
        },
        "vus_max": {
            "value": 5,
            "min": 5,
            "max": 5
        },
        "vus": {
            "min": 0,
            "max": 5,
            "value": 5
        },
        "http_req_duration_success": {
            "med": 114.452,
            "max": 126.755,
            "p(90)": 122.695,
            "p(95)": 124.725,
            "avg": 98.0082,
            "min": 53.114
        },
        "data_received": {
            "count": 26719,
            "rate": 622.9621967868077
        }
    },
    "setup_data": {
        "be_mode": "dd",
        "infra_mode": "shared"
    }
}