{
    "metrics": {
        "http_req_duration": {
            "max": 149808.124,
            "p(90)": 104787.87930000002,
            "p(95)": 131769.32414999997,
            "avg": 32822.18305230004,
            "min": 0,
            "med": 0
        },
        "data_sent": {
            "count": 4494121,
            "rate": 28224.89845198011
        },
        "vus_max": {
            "value": 5000,
            "min": 5000,
            "max": 5000
        },
        "checks": {
            "passes": 3888,
            "fails": 6112,
            "value": 0.3888
        },
        "http_req_tls_handshaking": {
            "min": 0,
            "med": 0,
            "max": 16872.925,
            "p(90)": 11367.8641,
            "p(95)": 12704.59825,
            "avg": 3738.8397990000076
        },
        "http_req_blocked": {
            "p(90)": 14618.515200000002,
            "p(95)": 16333.159949999996,
            "avg": 4680.447417899988,
            "min": 0,
            "med": 0,
            "max": 19718.816
        },
        "iteration_duration": {
            "max": 159135.96525,
            "p(90)": 141488.89620480002,
            "p(95)": 149030.1991649,
            "avg": 75617.37980248735,
            "min": 17293.618708,
            "med": 80592.0624165
        },
        "http_req_duration_fail": {
            "max": 0,
            "p(90)": 0,
            "p(95)": 0,
            "avg": 0,
            "min": 0,
            "med": 0
        },
        "http_req_receiving": {
            "med": 0,
            "max": 13.897,
            "p(90)": 0.198,
            "p(95)": 0.323,
            "avg": 0.09759660000000013,
            "min": 0
        },
        "http_req_duration{expected_response:true}": {
            "avg": 57930.69969058637,
            "min": 3072.838,
            "med": 45096.706999999995,
            "max": 149808.124,
            "p(90)": 130766.42390000001,
            "p(95)": 138288.06395
        },
        "data_received": {
            "count": 28186007,
            "rate": 177019.52959028038
        },
        "http_req_connecting": {
            "avg": 895.5255596000027,
            "min": 19.325,
            "med": 75.5955,
            "max": 11038.648,
            "p(90)": 3107.3403,
            "p(95)": 4062.35605
        },
        "http_req_sending": {
            "max": 11.702,
            "p(90)": 0.06,
            "p(95)": 0.071,
            "avg": 0.030792099999999954,
            "min": 0,
            "med": 0
        },
        "http_req_waiting": {
            "p(90)": 104787.6836,
            "p(95)": 131769.2258,
            "avg": 32822.05466359988,
            "min": 0,
            "med": 0,
            "max": 149807.957
        },
        "http_req_failed": {
            "passes": 6112,
            "fails": 3888,
            "value": 0.6112
        },
        "http_reqs": {
            "count": 10000,
            "rate": 62.80404655766969
        },
        "iterations": {
            "rate": 31.402023278834847,
            "count": 5000
        },
        "vus": {
            "value": 18,
            "min": 18,
            "max": 5000
        }
    },
    "root_group": {
        "checks": {
            "queue register status was 200": {
                "passes": 3888,
                "fails": 1112,
                "name": "queue register status was 200",
                "path": "::queue register status was 200",
                "id": "6ef7322e158d80a52e94fc988995df2b"
            },
            "status was 200": {
                "path": "::status was 200",
                "id": "1461660757a913d4fb82ac4c5e1009de",
                "passes": 0,
                "fails": 5000,
                "name": "status was 200"
            }
        },
        "name": "",
        "path": "",
        "id": "d41d8cd98f00b204e9800998ecf8427e",
        "groups": {}
    }
}