{
    "metrics": {
        "http_req_tls_handshaking": {
            "min": 0,
            "med": 825.8050000000001,
            "max": 1041.876,
            "p(90)": 1002.5696,
            "p(95)": 1022.2228,
            "avg": 587.369875
        },
        "vus": {
            "value": 5,
            "min": 0,
            "max": 5
        },
        "data_received": {
            "count": 25958,
            "rate": 603.7703759709159
        },
        "http_req_receiving": {
            "max": 0.347,
            "p(90)": 0.2903,
            "p(95)": 0.31865,
            "avg": 0.09112500000000001,
            "min": 0,
            "med": 0.0285
        },
        "http_req_duration": {
            "max": 233.549,
            "p(90)": 196.2621,
            "p(95)": 214.90555,
            "avg": 110.102,
            "min": 0,
            "med": 142.28050000000002
        },
        "http_req_duration{expected_response:true}": {
            "p(90)": 206.9155,
            "p(95)": 220.23225,
            "avg": 146.80266666666668,
            "min": 25.389,
            "med": 151.3775,
            "max": 233.549
        },
        "http_req_connecting": {
            "med": 6244.4435,
            "max": 6246.843,
            "p(90)": 6246.1899,
            "p(95)": 6246.51645,
            "avg": 4053.406125,
            "min": 0
        },
        "vus_max": {
            "min": 5,
            "max": 5,
            "value": 5
        },
        "http_req_duration_success": {
            "max": 233.549,
            "p(90)": 212.24220000000003,
            "p(95)": 222.8956,
            "avg": 171.0854,
            "min": 138.841,
            "med": 157.035
        },
        "http_req_failed": {
            "passes": 2,
            "fails": 6,
            "value": 0.25
        },
        "http_reqs": {
            "count": 8,
            "rate": 0.18607608474332873
        },
        "checks": {
            "passes": 5,
            "fails": 0,
            "value": 1
        },
        "iterations": {
            "count": 5,
            "rate": 0.11629755296458046
        },
        "http_req_waiting": {
            "min": 0,
            "med": 142.02050000000003,
            "max": 233.466,
            "p(90)": 196.17350000000002,
            "p(95)": 214.81975,
            "avg": 109.921625
        },
        "http_req_blocked": {
            "min": 0,
            "med": 7073.985500000001,
            "max": 7292.09,
            "p(90)": 7252.303400000001,
            "p(95)": 7272.1967,
            "avg": 4643.13
        },
        "iteration_duration": {
            "min": 7208.276292,
            "med": 7368.171542,
            "max": 35560.593583,
            "p(90)": 21496.013937000003,
            "p(95)": 28528.303759999995,
            "avg": 12048.279277833333
        },
        "data_sent": {
            "count": 3906,
            "rate": 90.85164837593025
        },
        "http_req_sending": {
            "min": 0,
            "med": 0.057999999999999996,
            "max": 0.393,
            "p(90)": 0.17880000000000007,
            "p(95)": 0.28589999999999993,
            "avg": 0.08925000000000001
        }
    },
    "setup_data": {
        "be_mode": "dd",
        "infra_mode": "shared"
    },
    "root_group": {
        "name": "",
        "path": "",
        "id": "d41d8cd98f00b204e9800998ecf8427e",
        "groups": {
            "setup": {
                "name": "setup",
                "path": "::setup",
                "id": "5c0f8025f7e0b6654089e5b00e950f1a",
                "groups": {},
                "checks": {}
            }
        },
        "checks": {
            "status was 200": {
                "name": "status was 200",
                "path": "::status was 200",
                "id": "1461660757a913d4fb82ac4c5e1009de",
                "passes": 5,
                "fails": 0
            }
        }
    }
}